[
{
  "model": "admin.logentry",
  "pk": 1,
  "fields": {
    "action_time": "2025-06-05T16:17:21.983Z",
    "user": 1,
    "content_type": 12,
    "object_id": "8",
    "object_repr": "New York - Main",
    "action_flag": 3,
    "change_message": ""
  }
},
{
  "model": "admin.logentry",
  "pk": 2,
  "fields": {
    "action_time": "2025-06-05T16:20:59.919Z",
    "user": 1,
    "content_type": 9,
    "object_id": "4",
    "object_repr": "Dispatcher",
    "action_flag": 1,
    "change_message": "[{\"added\": {}}]"
  }
},
{
  "model": "admin.logentry",
  "pk": 3,
  "fields": {
    "action_time": "2025-06-05T16:21:05.919Z",
    "user": 1,
    "content_type": 9,
    "object_id": "5",
    "object_repr": "Fueler",
    "action_flag": 1,
    "change_message": "[{\"added\": {}}]"
  }
},
{
  "model": "admin.logentry",
  "pk": 4,
  "fields": {
    "action_time": "2025-06-05T16:23:36.681Z",
    "user": 1,
    "content_type": 14,
    "object_id": "8",
    "object_repr": "Levi Ackerman (Dispatcher)",
    "action_flag": 3,
    "change_message": ""
  }
},
{
  "model": "admin.logentry",
  "pk": 5,
  "fields": {
    "action_time": "2025-06-05T16:23:41.017Z",
    "user": 1,
    "content_type": 14,
    "object_id": "9",
    "object_repr": "Levi Ackerman (Dispatcher)",
    "action_flag": 3,
    "change_message": ""
  }
},
{
  "model": "admin.logentry",
  "pk": 6,
  "fields": {
    "action_time": "2025-06-05T16:23:45.674Z",
    "user": 1,
    "content_type": 14,
    "object_id": "7",
    "object_repr": "Levi Ackerman (Dispatcher)",
    "action_flag": 3,
    "change_message": ""
  }
},
{
  "model": "admin.logentry",
  "pk": 7,
  "fields": {
    "action_time": "2025-06-05T16:33:33.895Z",
    "user": 1,
    "content_type": 8,
    "object_id": "1",
    "object_repr": "Light",
    "action_flag": 1,
    "change_message": "[{\"added\": {}}]"
  }
},
{
  "model": "admin.logentry",
  "pk": 8,
  "fields": {
    "action_time": "2025-06-05T16:34:38.492Z",
    "user": 1,
    "content_type": 8,
    "object_id": "2",
    "object_repr": "Mid",
    "action_flag": 1,
    "change_message": "[{\"added\": {}}]"
  }
},
{
  "model": "admin.logentry",
  "pk": 9,
  "fields": {
    "action_time": "2025-06-05T16:34:44.574Z",
    "user": 1,
    "content_type": 8,
    "object_id": "3",
    "object_repr": "Heavy",
    "action_flag": 1,
    "change_message": "[{\"added\": {}}]"
  }
},
{
  "model": "admin.logentry",
  "pk": 10,
  "fields": {
    "action_time": "2025-06-05T16:34:49.697Z",
    "user": 1,
    "content_type": 8,
    "object_id": "4",
    "object_repr": "Private",
    "action_flag": 1,
    "change_message": "[{\"added\": {}}]"
  }
},
{
  "model": "admin.logentry",
  "pk": 11,
  "fields": {
    "action_time": "2025-06-05T16:35:00.887Z",
    "user": 1,
    "content_type": 8,
    "object_id": "5",
    "object_repr": "Transporting",
    "action_flag": 1,
    "change_message": "[{\"added\": {}}]"
  }
},
{
  "model": "admin.logentry",
  "pk": 12,
  "fields": {
    "action_time": "2025-06-05T16:36:30.508Z",
    "user": 1,
    "content_type": 10,
    "object_id": "1",
    "object_repr": "Boeing-737",
    "action_flag": 1,
    "change_message": "[{\"added\": {}}]"
  }
},
{
  "model": "admin.logentry",
  "pk": 13,
  "fields": {
    "action_time": "2025-06-05T16:36:49.879Z",
    "user": 1,
    "content_type": 10,
    "object_id": "2",
    "object_repr": "Boeing-747",
    "action_flag": 1,
    "change_message": "[{\"added\": {}}]"
  }
},
{
  "model": "admin.logentry",
  "pk": 14,
  "fields": {
    "action_time": "2025-06-05T16:37:20.783Z",
    "user": 1,
    "content_type": 10,
    "object_id": "3",
    "object_repr": "Boeing-757",
    "action_flag": 1,
    "change_message": "[{\"added\": {}}]"
  }
},
{
  "model": "admin.logentry",
  "pk": 15,
  "fields": {
    "action_time": "2025-06-05T16:37:33.282Z",
    "user": 1,
    "content_type": 10,
    "object_id": "4",
    "object_repr": "Boeing-787",
    "action_flag": 1,
    "change_message": "[{\"added\": {}}]"
  }
},
{
  "model": "admin.logentry",
  "pk": 16,
  "fields": {
    "action_time": "2025-06-05T16:38:27.040Z",
    "user": 1,
    "content_type": 10,
    "object_id": "5",
    "object_repr": "Boeing-777",
    "action_flag": 1,
    "change_message": "[{\"added\": {}}]"
  }
},
{
  "model": "admin.logentry",
  "pk": 17,
  "fields": {
    "action_time": "2025-06-05T16:38:34.991Z",
    "user": 1,
    "content_type": 8,
    "object_id": "5",
    "object_repr": "Transporting",
    "action_flag": 3,
    "change_message": ""
  }
},
{
  "model": "admin.logentry",
  "pk": 18,
  "fields": {
    "action_time": "2025-06-05T16:41:57.029Z",
    "user": 1,
    "content_type": 16,
    "object_id": "1",
    "object_repr": "Flight UA2305",
    "action_flag": 1,
    "change_message": "[{\"added\": {}}]"
  }
},
{
  "model": "admin.logentry",
  "pk": 19,
  "fields": {
    "action_time": "2025-06-05T16:43:04.885Z",
    "user": 1,
    "content_type": 16,
    "object_id": "2",
    "object_repr": "Flight US1254",
    "action_flag": 1,
    "change_message": "[{\"added\": {}}]"
  }
},
{
  "model": "admin.logentry",
  "pk": 20,
  "fields": {
    "action_time": "2025-06-05T16:43:37.411Z",
    "user": 1,
    "content_type": 16,
    "object_id": "3",
    "object_repr": "Flight NH1",
    "action_flag": 1,
    "change_message": "[{\"added\": {}}]"
  }
},
{
  "model": "admin.logentry",
  "pk": 21,
  "fields": {
    "action_time": "2025-06-05T16:48:11.089Z",
    "user": 1,
    "content_type": 13,
    "object_id": "1",
    "object_repr": "Order: 2025-06-05 16:48:10.989270+00:00",
    "action_flag": 1,
    "change_message": "[{\"added\": {}}, {\"added\": {\"name\": \"ticket\", \"object\": \"Flight UA2305 (row: 1, seat: 1)\"}}, {\"added\": {\"name\": \"ticket\", \"object\": \"Flight UA2305 (row: 1, seat: 2)\"}}, {\"added\": {\"name\": \"ticket\", \"object\": \"Flight NH1 (row: 1, seat: 1)\"}}, {\"added\": {\"name\": \"ticket\", \"object\": \"Flight NH1 (row: 1, seat: 2)\"}}]"
  }
},
{
  "model": "admin.logentry",
  "pk": 22,
  "fields": {
    "action_time": "2025-06-05T16:50:24.987Z",
    "user": 1,
    "content_type": 13,
    "object_id": "2",
    "object_repr": "Order: 2025-06-05 16:50:24.978386+00:00",
    "action_flag": 1,
    "change_message": "[{\"added\": {}}, {\"added\": {\"name\": \"ticket\", \"object\": \"Flight UA2305 (row: 2, seat: 1)\"}}]"
  }
},
{
  "model": "admin.logentry",
  "pk": 23,
  "fields": {
    "action_time": "2025-06-05T16:57:03.817Z",
    "user": 1,
    "content_type": 13,
    "object_id": "2",
    "object_repr": "Order: 2025-06-05 16:50:24.978386+00:00",
    "action_flag": 2,
    "change_message": "[{\"changed\": {\"fields\": [\"User\"]}}]"
  }
},
{
  "model": "auth.permission",
  "pk": 1,
  "fields": {
    "name": "Can add log entry",
    "content_type": 1,
    "codename": "add_logentry"
  }
},
{
  "model": "auth.permission",
  "pk": 2,
  "fields": {
    "name": "Can change log entry",
    "content_type": 1,
    "codename": "change_logentry"
  }
},
{
  "model": "auth.permission",
  "pk": 3,
  "fields": {
    "name": "Can delete log entry",
    "content_type": 1,
    "codename": "delete_logentry"
  }
},
{
  "model": "auth.permission",
  "pk": 4,
  "fields": {
    "name": "Can view log entry",
    "content_type": 1,
    "codename": "view_logentry"
  }
},
{
  "model": "auth.permission",
  "pk": 5,
  "fields": {
    "name": "Can add permission",
    "content_type": 2,
    "codename": "add_permission"
  }
},
{
  "model": "auth.permission",
  "pk": 6,
  "fields": {
    "name": "Can change permission",
    "content_type": 2,
    "codename": "change_permission"
  }
},
{
  "model": "auth.permission",
  "pk": 7,
  "fields": {
    "name": "Can delete permission",
    "content_type": 2,
    "codename": "delete_permission"
  }
},
{
  "model": "auth.permission",
  "pk": 8,
  "fields": {
    "name": "Can view permission",
    "content_type": 2,
    "codename": "view_permission"
  }
},
{
  "model": "auth.permission",
  "pk": 9,
  "fields": {
    "name": "Can add group",
    "content_type": 3,
    "codename": "add_group"
  }
},
{
  "model": "auth.permission",
  "pk": 10,
  "fields": {
    "name": "Can change group",
    "content_type": 3,
    "codename": "change_group"
  }
},
{
  "model": "auth.permission",
  "pk": 11,
  "fields": {
    "name": "Can delete group",
    "content_type": 3,
    "codename": "delete_group"
  }
},
{
  "model": "auth.permission",
  "pk": 12,
  "fields": {
    "name": "Can view group",
    "content_type": 3,
    "codename": "view_group"
  }
},
{
  "model": "auth.permission",
  "pk": 13,
  "fields": {
    "name": "Can add content type",
    "content_type": 4,
    "codename": "add_contenttype"
  }
},
{
  "model": "auth.permission",
  "pk": 14,
  "fields": {
    "name": "Can change content type",
    "content_type": 4,
    "codename": "change_contenttype"
  }
},
{
  "model": "auth.permission",
  "pk": 15,
  "fields": {
    "name": "Can delete content type",
    "content_type": 4,
    "codename": "delete_contenttype"
  }
},
{
  "model": "auth.permission",
  "pk": 16,
  "fields": {
    "name": "Can view content type",
    "content_type": 4,
    "codename": "view_contenttype"
  }
},
{
  "model": "auth.permission",
  "pk": 17,
  "fields": {
    "name": "Can add session",
    "content_type": 5,
    "codename": "add_session"
  }
},
{
  "model": "auth.permission",
  "pk": 18,
  "fields": {
    "name": "Can change session",
    "content_type": 5,
    "codename": "change_session"
  }
},
{
  "model": "auth.permission",
  "pk": 19,
  "fields": {
    "name": "Can delete session",
    "content_type": 5,
    "codename": "delete_session"
  }
},
{
  "model": "auth.permission",
  "pk": 20,
  "fields": {
    "name": "Can view session",
    "content_type": 5,
    "codename": "view_session"
  }
},
{
  "model": "auth.permission",
  "pk": 21,
  "fields": {
    "name": "Can add Token",
    "content_type": 6,
    "codename": "add_token"
  }
},
{
  "model": "auth.permission",
  "pk": 22,
  "fields": {
    "name": "Can change Token",
    "content_type": 6,
    "codename": "change_token"
  }
},
{
  "model": "auth.permission",
  "pk": 23,
  "fields": {
    "name": "Can delete Token",
    "content_type": 6,
    "codename": "delete_token"
  }
},
{
  "model": "auth.permission",
  "pk": 24,
  "fields": {
    "name": "Can view Token",
    "content_type": 6,
    "codename": "view_token"
  }
},
{
  "model": "auth.permission",
  "pk": 25,
  "fields": {
    "name": "Can add Token",
    "content_type": 7,
    "codename": "add_tokenproxy"
  }
},
{
  "model": "auth.permission",
  "pk": 26,
  "fields": {
    "name": "Can change Token",
    "content_type": 7,
    "codename": "change_tokenproxy"
  }
},
{
  "model": "auth.permission",
  "pk": 27,
  "fields": {
    "name": "Can delete Token",
    "content_type": 7,
    "codename": "delete_tokenproxy"
  }
},
{
  "model": "auth.permission",
  "pk": 28,
  "fields": {
    "name": "Can view Token",
    "content_type": 7,
    "codename": "view_tokenproxy"
  }
},
{
  "model": "auth.permission",
  "pk": 29,
  "fields": {
    "name": "Can add airplane type",
    "content_type": 8,
    "codename": "add_airplanetype"
  }
},
{
  "model": "auth.permission",
  "pk": 30,
  "fields": {
    "name": "Can change airplane type",
    "content_type": 8,
    "codename": "change_airplanetype"
  }
},
{
  "model": "auth.permission",
  "pk": 31,
  "fields": {
    "name": "Can delete airplane type",
    "content_type": 8,
    "codename": "delete_airplanetype"
  }
},
{
  "model": "auth.permission",
  "pk": 32,
  "fields": {
    "name": "Can view airplane type",
    "content_type": 8,
    "codename": "view_airplanetype"
  }
},
{
  "model": "auth.permission",
  "pk": 33,
  "fields": {
    "name": "Can add role",
    "content_type": 9,
    "codename": "add_role"
  }
},
{
  "model": "auth.permission",
  "pk": 34,
  "fields": {
    "name": "Can change role",
    "content_type": 9,
    "codename": "change_role"
  }
},
{
  "model": "auth.permission",
  "pk": 35,
  "fields": {
    "name": "Can delete role",
    "content_type": 9,
    "codename": "delete_role"
  }
},
{
  "model": "auth.permission",
  "pk": 36,
  "fields": {
    "name": "Can view role",
    "content_type": 9,
    "codename": "view_role"
  }
},
{
  "model": "auth.permission",
  "pk": 37,
  "fields": {
    "name": "Can add airplane",
    "content_type": 10,
    "codename": "add_airplane"
  }
},
{
  "model": "auth.permission",
  "pk": 38,
  "fields": {
    "name": "Can change airplane",
    "content_type": 10,
    "codename": "change_airplane"
  }
},
{
  "model": "auth.permission",
  "pk": 39,
  "fields": {
    "name": "Can delete airplane",
    "content_type": 10,
    "codename": "delete_airplane"
  }
},
{
  "model": "auth.permission",
  "pk": 40,
  "fields": {
    "name": "Can view airplane",
    "content_type": 10,
    "codename": "view_airplane"
  }
},
{
  "model": "auth.permission",
  "pk": 41,
  "fields": {
    "name": "Can add city",
    "content_type": 11,
    "codename": "add_city"
  }
},
{
  "model": "auth.permission",
  "pk": 42,
  "fields": {
    "name": "Can change city",
    "content_type": 11,
    "codename": "change_city"
  }
},
{
  "model": "auth.permission",
  "pk": 43,
  "fields": {
    "name": "Can delete city",
    "content_type": 11,
    "codename": "delete_city"
  }
},
{
  "model": "auth.permission",
  "pk": 44,
  "fields": {
    "name": "Can view city",
    "content_type": 11,
    "codename": "view_city"
  }
},
{
  "model": "auth.permission",
  "pk": 45,
  "fields": {
    "name": "Can add airport",
    "content_type": 12,
    "codename": "add_airport"
  }
},
{
  "model": "auth.permission",
  "pk": 46,
  "fields": {
    "name": "Can change airport",
    "content_type": 12,
    "codename": "change_airport"
  }
},
{
  "model": "auth.permission",
  "pk": 47,
  "fields": {
    "name": "Can delete airport",
    "content_type": 12,
    "codename": "delete_airport"
  }
},
{
  "model": "auth.permission",
  "pk": 48,
  "fields": {
    "name": "Can view airport",
    "content_type": 12,
    "codename": "view_airport"
  }
},
{
  "model": "auth.permission",
  "pk": 49,
  "fields": {
    "name": "Can add order",
    "content_type": 13,
    "codename": "add_order"
  }
},
{
  "model": "auth.permission",
  "pk": 50,
  "fields": {
    "name": "Can change order",
    "content_type": 13,
    "codename": "change_order"
  }
},
{
  "model": "auth.permission",
  "pk": 51,
  "fields": {
    "name": "Can delete order",
    "content_type": 13,
    "codename": "delete_order"
  }
},
{
  "model": "auth.permission",
  "pk": 52,
  "fields": {
    "name": "Can view order",
    "content_type": 13,
    "codename": "view_order"
  }
},
{
  "model": "auth.permission",
  "pk": 53,
  "fields": {
    "name": "Can add crew member",
    "content_type": 14,
    "codename": "add_crewmember"
  }
},
{
  "model": "auth.permission",
  "pk": 54,
  "fields": {
    "name": "Can change crew member",
    "content_type": 14,
    "codename": "change_crewmember"
  }
},
{
  "model": "auth.permission",
  "pk": 55,
  "fields": {
    "name": "Can delete crew member",
    "content_type": 14,
    "codename": "delete_crewmember"
  }
},
{
  "model": "auth.permission",
  "pk": 56,
  "fields": {
    "name": "Can view crew member",
    "content_type": 14,
    "codename": "view_crewmember"
  }
},
{
  "model": "auth.permission",
  "pk": 57,
  "fields": {
    "name": "Can add route",
    "content_type": 15,
    "codename": "add_route"
  }
},
{
  "model": "auth.permission",
  "pk": 58,
  "fields": {
    "name": "Can change route",
    "content_type": 15,
    "codename": "change_route"
  }
},
{
  "model": "auth.permission",
  "pk": 59,
  "fields": {
    "name": "Can delete route",
    "content_type": 15,
    "codename": "delete_route"
  }
},
{
  "model": "auth.permission",
  "pk": 60,
  "fields": {
    "name": "Can view route",
    "content_type": 15,
    "codename": "view_route"
  }
},
{
  "model": "auth.permission",
  "pk": 61,
  "fields": {
    "name": "Can add flight",
    "content_type": 16,
    "codename": "add_flight"
  }
},
{
  "model": "auth.permission",
  "pk": 62,
  "fields": {
    "name": "Can change flight",
    "content_type": 16,
    "codename": "change_flight"
  }
},
{
  "model": "auth.permission",
  "pk": 63,
  "fields": {
    "name": "Can delete flight",
    "content_type": 16,
    "codename": "delete_flight"
  }
},
{
  "model": "auth.permission",
  "pk": 64,
  "fields": {
    "name": "Can view flight",
    "content_type": 16,
    "codename": "view_flight"
  }
},
{
  "model": "auth.permission",
  "pk": 65,
  "fields": {
    "name": "Can add ticket",
    "content_type": 17,
    "codename": "add_ticket"
  }
},
{
  "model": "auth.permission",
  "pk": 66,
  "fields": {
    "name": "Can change ticket",
    "content_type": 17,
    "codename": "change_ticket"
  }
},
{
  "model": "auth.permission",
  "pk": 67,
  "fields": {
    "name": "Can delete ticket",
    "content_type": 17,
    "codename": "delete_ticket"
  }
},
{
  "model": "auth.permission",
  "pk": 68,
  "fields": {
    "name": "Can view ticket",
    "content_type": 17,
    "codename": "view_ticket"
  }
},
{
  "model": "auth.permission",
  "pk": 69,
  "fields": {
    "name": "Can add user",
    "content_type": 18,
    "codename": "add_user"
  }
},
{
  "model": "auth.permission",
  "pk": 70,
  "fields": {
    "name": "Can change user",
    "content_type": 18,
    "codename": "change_user"
  }
},
{
  "model": "auth.permission",
  "pk": 71,
  "fields": {
    "name": "Can delete user",
    "content_type": 18,
    "codename": "delete_user"
  }
},
{
  "model": "auth.permission",
  "pk": 72,
  "fields": {
    "name": "Can view user",
    "content_type": 18,
    "codename": "view_user"
  }
},
{
  "model": "contenttypes.contenttype",
  "pk": 1,
  "fields": {
    "app_label": "admin",
    "model": "logentry"
  }
},
{
  "model": "contenttypes.contenttype",
  "pk": 2,
  "fields": {
    "app_label": "auth",
    "model": "permission"
  }
},
{
  "model": "contenttypes.contenttype",
  "pk": 3,
  "fields": {
    "app_label": "auth",
    "model": "group"
  }
},
{
  "model": "contenttypes.contenttype",
  "pk": 4,
  "fields": {
    "app_label": "contenttypes",
    "model": "contenttype"
  }
},
{
  "model": "contenttypes.contenttype",
  "pk": 5,
  "fields": {
    "app_label": "sessions",
    "model": "session"
  }
},
{
  "model": "contenttypes.contenttype",
  "pk": 6,
  "fields": {
    "app_label": "authtoken",
    "model": "token"
  }
},
{
  "model": "contenttypes.contenttype",
  "pk": 7,
  "fields": {
    "app_label": "authtoken",
    "model": "tokenproxy"
  }
},
{
  "model": "contenttypes.contenttype",
  "pk": 8,
  "fields": {
    "app_label": "airport_api",
    "model": "airplanetype"
  }
},
{
  "model": "contenttypes.contenttype",
  "pk": 9,
  "fields": {
    "app_label": "airport_api",
    "model": "role"
  }
},
{
  "model": "contenttypes.contenttype",
  "pk": 10,
  "fields": {
    "app_label": "airport_api",
    "model": "airplane"
  }
},
{
  "model": "contenttypes.contenttype",
  "pk": 11,
  "fields": {
    "app_label": "airport_api",
    "model": "city"
  }
},
{
  "model": "contenttypes.contenttype",
  "pk": 12,
  "fields": {
    "app_label": "airport_api",
    "model": "airport"
  }
},
{
  "model": "contenttypes.contenttype",
  "pk": 13,
  "fields": {
    "app_label": "airport_api",
    "model": "order"
  }
},
{
  "model": "contenttypes.contenttype",
  "pk": 14,
  "fields": {
    "app_label": "airport_api",
    "model": "crewmember"
  }
},
{
  "model": "contenttypes.contenttype",
  "pk": 15,
  "fields": {
    "app_label": "airport_api",
    "model": "route"
  }
},
{
  "model": "contenttypes.contenttype",
  "pk": 16,
  "fields": {
    "app_label": "airport_api",
    "model": "flight"
  }
},
{
  "model": "contenttypes.contenttype",
  "pk": 17,
  "fields": {
    "app_label": "airport_api",
    "model": "ticket"
  }
},
{
  "model": "contenttypes.contenttype",
  "pk": 18,
  "fields": {
    "app_label": "user",
    "model": "user"
  }
},
{
  "model": "sessions.session",
  "pk": "ceaz8fp5xob0s80t1vi7200b570r5li8",
  "fields": {
    "session_data": ".eJxVjEsOwiAUAO_C2hChfF269wwNvI9UDSSlXRnvbki60O3MZN5iTvtW5r3TOi8oLkKJ0y_LCZ5Uh8BHqvcmodVtXbIciTxsl7eG9Loe7d-gpF7GdtIqOmO8ZjorAgZrjFbaEORko2N2LgAGsGAJGQMjeozsUwigJy0-X9-QOHo:1uMpzb:D5zSkSNNp8HU7987j7rnKvX-e7UFgRoxG5gdDYscfZs",
    "expire_date": "2025-06-18T15:25:27.334Z"
  }
},
{
  "model": "sessions.session",
  "pk": "xuxtpzay8ffqr0e3vahm9xnauf8ijio9",
  "fields": {
    "session_data": ".eJxVjEsOwiAUAO_C2hChfF269wwNvI9UDSSlXRnvbki60O3MZN5iTvtW5r3TOi8oLkKJ0y_LCZ5Uh8BHqvcmodVtXbIciTxsl7eG9Loe7d-gpF7GdtIqOmO8ZjorAgZrjFbaEORko2N2LgAGsGAJGQMjeozsUwigJy0-X9-QOHo:1uNDGx:ptEtqCp-gu9E_AHT-43jkDWzpjQtM_lSv1eM46sPRHc",
    "expire_date": "2025-06-19T16:16:55.175Z"
  }
},
{
  "model": "airport_api.city",
  "pk": 1,
  "fields": {
    "name": "Odesa",
    "country": "Ukraine"
  }
},
{
  "model": "airport_api.city",
  "pk": 2,
  "fields": {
    "name": "Kyiv",
    "country": "Ukraine"
  }
},
{
  "model": "airport_api.city",
  "pk": 3,
  "fields": {
    "name": "Lviv",
    "country": "Ukraine"
  }
},
{
  "model": "airport_api.city",
  "pk": 4,
  "fields": {
    "name": "Dnipro",
    "country": "Ukraine"
  }
},
{
  "model": "airport_api.city",
  "pk": 5,
  "fields": {
    "name": "Warsaw",
    "country": "Poland"
  }
},
{
  "model": "airport_api.city",
  "pk": 6,
  "fields": {
    "name": "London",
    "country": "UK"
  }
},
{
  "model": "airport_api.city",
  "pk": 7,
  "fields": {
    "name": "Washington",
    "country": "USA"
  }
},
{
  "model": "airport_api.city",
  "pk": 8,
  "fields": {
    "name": "New York",
    "country": "USA"
  }
},
{
  "model": "airport_api.city",
  "pk": 9,
  "fields": {
    "name": "Denver",
    "country": "USA"
  }
},
{
  "model": "airport_api.city",
  "pk": 10,
  "fields": {
    "name": "Paris",
    "country": "France"
  }
},
{
  "model": "airport_api.city",
  "pk": 11,
  "fields": {
    "name": "Oslo",
    "country": "Norway"
  }
},
{
  "model": "airport_api.airport",
  "pk": 1,
  "fields": {
    "name": "Main",
    "city": 10
  }
},
{
  "model": "airport_api.airport",
  "pk": 2,
  "fields": {
    "name": "Pivnich",
    "city": 1
  }
},
{
  "model": "airport_api.airport",
  "pk": 3,
  "fields": {
    "name": "Skhid",
    "city": 3
  }
},
{
  "model": "airport_api.airport",
  "pk": 4,
  "fields": {
    "name": "Pivden",
    "city": 1
  }
},
{
  "model": "airport_api.airport",
  "pk": 5,
  "fields": {
    "name": "Pivden",
    "city": 2
  }
},
{
  "model": "airport_api.airport",
  "pk": 6,
  "fields": {
    "name": "Holovna",
    "city": 5
  }
},
{
  "model": "airport_api.airport",
  "pk": 7,
  "fields": {
    "name": "Main",
    "city": 8
  }
},
{
  "model": "airport_api.airport",
  "pk": 9,
  "fields": {
    "name": "Additional",
    "city": 8
  }
},
{
  "model": "airport_api.airport",
  "pk": 10,
  "fields": {
    "name": "Main",
    "city": 6
  }
},
{
  "model": "airport_api.airport",
  "pk": 11,
  "fields": {
    "name": "Royal",
    "city": 6
  }
},
{
  "model": "airport_api.airport",
  "pk": 12,
  "fields": {
    "name": "Private",
    "city": 6
  }
},
{
  "model": "airport_api.route",
  "pk": 1,
  "fields": {
    "source": 5,
    "destination": 1,
    "distance": 600
  }
},
{
  "model": "airport_api.route",
  "pk": 2,
  "fields": {
    "source": 2,
    "destination": 3,
    "distance": 800
  }
},
{
  "model": "airport_api.route",
  "pk": 3,
  "fields": {
    "source": 11,
    "destination": 1,
    "distance": 1000
  }
},
{
  "model": "airport_api.airplanetype",
  "pk": 1,
  "fields": {
    "name": "Light"
  }
},
{
  "model": "airport_api.airplanetype",
  "pk": 2,
  "fields": {
    "name": "Mid"
  }
},
{
  "model": "airport_api.airplanetype",
  "pk": 3,
  "fields": {
    "name": "Heavy"
  }
},
{
  "model": "airport_api.airplanetype",
  "pk": 4,
  "fields": {
    "name": "Private"
  }
},
{
  "model": "airport_api.airplane",
  "pk": 1,
  "fields": {
    "model_name": "Boeing-737",
    "rows": 10,
    "seats_in_row": 4,
    "airplane_type": 2
  }
},
{
  "model": "airport_api.airplane",
  "pk": 2,
  "fields": {
    "model_name": "Boeing-747",
    "rows": 15,
    "seats_in_row": 6,
    "airplane_type": 2
  }
},
{
  "model": "airport_api.airplane",
  "pk": 3,
  "fields": {
    "model_name": "Boeing-757",
    "rows": 5,
    "seats_in_row": 2,
    "airplane_type": 1
  }
},
{
  "model": "airport_api.airplane",
  "pk": 4,
  "fields": {
    "model_name": "Boeing-787",
    "rows": 20,
    "seats_in_row": 8,
    "airplane_type": 3
  }
},
{
  "model": "airport_api.airplane",
  "pk": 5,
  "fields": {
    "model_name": "Boeing-777",
    "rows": 3,
    "seats_in_row": 2,
    "airplane_type": 4
  }
},
{
  "model": "airport_api.role",
  "pk": 1,
  "fields": {
    "name": "Pilot"
  }
},
{
  "model": "airport_api.role",
  "pk": 2,
  "fields": {
    "name": "Cook"
  }
},
{
  "model": "airport_api.role",
  "pk": 3,
  "fields": {
    "name": "Steward"
  }
},
{
  "model": "airport_api.role",
  "pk": 4,
  "fields": {
    "name": "Dispatcher"
  }
},
{
  "model": "airport_api.role",
  "pk": 5,
  "fields": {
    "name": "Fueler"
  }
},
{
  "model": "airport_api.crewmember",
  "pk": 1,
  "fields": {
    "first_name": "Hugh",
    "last_name": "Jackmann",
    "photo": "upload/members_photo/hjackmann-34651a88-fb7b-4bd3-a67d-10f1297c16a1.jpg",
    "role": 2
  }
},
{
  "model": "airport_api.crewmember",
  "pk": 2,
  "fields": {
    "first_name": "Andrii",
    "last_name": "Sheptytskyi",
    "photo": "",
    "role": 1
  }
},
{
  "model": "airport_api.crewmember",
  "pk": 3,
  "fields": {
    "first_name": "Ivan",
    "last_name": "Sheptytskyi",
    "photo": "",
    "role": 3
  }
},
{
  "model": "airport_api.crewmember",
  "pk": 4,
  "fields": {
    "first_name": "Borys",
    "last_name": "Johnsonuk",
    "photo": "",
    "role": 5
  }
},
{
  "model": "airport_api.crewmember",
  "pk": 5,
  "fields": {
    "first_name": "Eren",
    "last_name": "Jeger",
    "photo": "",
    "role": 1
  }
},
{
  "model": "airport_api.crewmember",
  "pk": 6,
  "fields": {
    "first_name": "Levi",
    "last_name": "Ackerman",
    "photo": "",
    "role": 4
  }
},
{
  "model": "airport_api.flight",
  "pk": 1,
  "fields": {
    "flight_number": "UA2305",
    "route": 2,
    "airplane": 5,
    "departure_time": "2025-05-23T06:00:00Z",
    "arrival_time": "2025-05-23T10:00:00Z",
    "status": 0,
    "crew": [
      1,
      6,
      4,
      2
    ]
  }
},
{
  "model": "airport_api.flight",
  "pk": 2,
  "fields": {
    "flight_number": "US1254",
    "route": 3,
    "airplane": 4,
    "departure_time": "2025-06-25T06:00:00Z",
    "arrival_time": "2025-06-25T12:00:00Z",
    "status": 0,
    "crew": [
      1,
      4,
      2,
      3
    ]
  }
},
{
  "model": "airport_api.flight",
  "pk": 3,
  "fields": {
    "flight_number": "NH1",
    "route": 2,
    "airplane": 2,
    "departure_time": "2025-06-05T06:00:00Z",
    "arrival_time": "2025-06-05T12:00:00Z",
    "status": 3,
    "crew": [
      6,
      4,
      2,
      3
    ]
  }
},
{
  "model": "airport_api.order",
  "pk": 1,
  "fields": {
    "created_at": "2025-06-05T16:48:10.989Z",
    "user": 2
  }
},
{
  "model": "airport_api.order",
  "pk": 2,
  "fields": {
    "created_at": "2025-06-05T16:50:24.978Z",
    "user": 1
  }
},
{
  "model": "airport_api.ticket",
  "pk": 1,
  "fields": {
    "row": 1,
    "seat": 1,
    "passenger_first_name": "Mykola",
    "passenger_last_name": "Tarasenko",
    "flight": 1,
    "order": 1
  }
},
{
  "model": "airport_api.ticket",
  "pk": 2,
  "fields": {
    "row": 1,
    "seat": 2,
    "passenger_first_name": "Iryna",
    "passenger_last_name": "Tarasenko",
    "flight": 1,
    "order": 1
  }
},
{
  "model": "airport_api.ticket",
  "pk": 3,
  "fields": {
    "row": 1,
    "seat": 1,
    "passenger_first_name": "Mykola",
    "passenger_last_name": "Tarasenko",
    "flight": 3,
    "order": 1
  }
},
{
  "model": "airport_api.ticket",
  "pk": 4,
  "fields": {
    "row": 1,
    "seat": 2,
    "passenger_first_name": "Iryna",
    "passenger_last_name": "Tarasenko",
    "flight": 3,
    "order": 1
  }
},
{
  "model": "airport_api.ticket",
  "pk": 5,
  "fields": {
    "row": 2,
    "seat": 1,
    "passenger_first_name": "Andriy",
    "passenger_last_name": "Vorozhbyt",
    "flight": 1,
    "order": 2
  }
},
{
  "model": "user.user",
  "pk": 1,
  "fields": {
    "password": "pbkdf2_sha256$870000$OpxghMv3GWWMElONSaMsTP$xrcWoJrftckMxDWrcfiLaQQ5lRhOkvtAvst5tJCwNAQ=",
    "last_login": "2025-06-05T16:16:55.102Z",
    "is_superuser": true,
    "first_name": "",
    "last_name": "",
    "is_staff": true,
    "is_active": true,
    "date_joined": "2025-05-30T13:38:07.367Z",
    "email": "t@t.ua",
    "groups": [],
    "user_permissions": []
  }
},
{
  "model": "user.user",
  "pk": 2,
  "fields": {
    "password": "pbkdf2_sha256$870000$7Q8VnyQbk141DDQe7z0I5l$5fqX8BcX48f1o+ap1IjfTdNpjvsnwEZ8gHOXEgBf5rk=",
    "last_login": null,
    "is_superuser": false,
    "first_name": "",
    "last_name": "",
    "is_staff": false,
    "is_active": true,
    "date_joined": "2025-06-04T15:24:22.312Z",
    "email": "m@m.ua",
    "groups": [],
    "user_permissions": []
  }
}
]
